L,Theoretical,hebbian,anti_hebbian,random_walk
1,0.6666666666666666,0.6895266666666666,0.6456900000000001,0.6682383333333334
2,0.4,0.44788666666666666,0.35570666666666667,0.40403833333333333
3,0.2857142857142857,0.3454966666666667,0.23101333333333332,0.290125
4,0.2222222222222222,0.28968666666666665,0.16182166666666667,0.225795
5,0.18181818181818182,0.25506833333333334,0.11800833333333334,0.1862366666666667
6,0.15384615384615385,0.23086500000000001,0.088035,0.15818666666666667
