L,Uniform Entropy,hebbian,anti_hebbian,random_walk
4,3.169925001442312,3.1285722299338796,3.1273278300515575,3.148605056314213
5,3.4594316186372973,3.402246991790902,3.3990665105480447,3.4335944905434492
6,3.700439718141092,3.625672786172764,3.617865563760336,3.669174980848411
